{
  "lang":"en",
  "name":"pipeline",
  "version":"0.0.0",
  "spacy_version":">=3.4.3,<3.5.0",
  "description":"",
  "author":"",
  "email":"",
  "url":"",
  "license":"",
  "spacy_git_version":"63673a792",
  "vectors":{
    "width":0,
    "vectors":0,
    "keys":0,
    "name":null,
    "mode":"default"
  },
  "labels":{
    "tok2vec":[

    ],
    "ner":[
      "Anti",
      "Blended",
      "Brew Style",
      "Coffee Varietal",
      "add-on",
      "drink",
      "extra",
      "hot breakfast",
      "milk",
      "milk texture",
      "pastry",
      "pump quantity",
      "roast",
      "shot quality",
      "shot quantity",
      "size",
      "syrup",
      "temperature",
      "toppings",
      "upside-down"
    ]
  },
  "pipeline":[
    "tok2vec",
    "ner"
  ],
  "components":[
    "tok2vec",
    "ner"
  ],
  "disabled":[

  ],
  "performance":{
    "ents_f":0.9757030802,
    "ents_p":0.9864603482,
    "ents_r":0.9651778955,
    "ents_per_type":{
      "size":{
        "p":0.9933628319,
        "r":0.9718614719,
        "f":0.9824945295
      },
      "temperature":{
        "p":0.9945652174,
        "r":0.9631578947,
        "f":0.9786096257
      },
      "syrup":{
        "p":0.9850746269,
        "r":0.9705882353,
        "f":0.9777777778
      },
      "drink":{
        "p":0.9883843717,
        "r":0.9639546859,
        "f":0.976016684
      },
      "milk":{
        "p":1.0,
        "r":0.9612903226,
        "f":0.9802631579
      },
      "toppings":{
        "p":0.9831932773,
        "r":0.975,
        "f":0.9790794979
      },
      "Anti":{
        "p":0.9761904762,
        "r":0.9318181818,
        "f":0.9534883721
      },
      "Blended":{
        "p":1.0,
        "r":1.0,
        "f":1.0
      },
      "extra":{
        "p":0.7916666667,
        "r":0.95,
        "f":0.8636363636
      },
      "add-on":{
        "p":1.0,
        "r":0.9636363636,
        "f":0.9814814815
      },
      "shot quantity":{
        "p":0.9428571429,
        "r":0.9428571429,
        "f":0.9428571429
      },
      "Brew Style":{
        "p":1.0,
        "r":0.9705882353,
        "f":0.9850746269
      },
      "pump quantity":{
        "p":0.9696969697,
        "r":0.9411764706,
        "f":0.9552238806
      },
      "Coffee Varietal":{
        "p":0.9411764706,
        "r":1.0,
        "f":0.9696969697
      },
      "roast":{
        "p":1.0,
        "r":0.9130434783,
        "f":0.9545454545
      },
      "milk texture":{
        "p":1.0,
        "r":0.875,
        "f":0.9333333333
      },
      "pastry":{
        "p":1.0,
        "r":1.0,
        "f":1.0
      },
      "hot breakfast":{
        "p":1.0,
        "r":1.0,
        "f":1.0
      },
      "shot quality":{
        "p":0.9565217391,
        "r":0.9565217391,
        "f":0.9565217391
      },
      "upside-down":{
        "p":1.0,
        "r":1.0,
        "f":1.0
      }
    },
    "tok2vec_loss":678.8350278187,
    "ner_loss":4706.8431474766
  }
}