{
  "lang":"en",
  "name":"Coff_Ev1",
  "version":"1.0.8",
  "description":"",
  "author":"",
  "email":"",
  "url":"",
  "license":"",
  "spacy_version":">=3.4.3,<3.5.0",
  "spacy_git_version":"63673a792",
  "vectors":{
    "width":0,
    "vectors":0,
    "keys":0,
    "name":null
  },
  "labels":{
    "tok2vec":[

    ],
    "ner":[
      "Anti",
      "drink",
      "extra",
      "milk",
      "milk texture",
      "pump quantity",
      "roast",
      "shot quality",
      "shot quantity",
      "size",
      "syrup",
      "temperature",
      "toppings"
    ]
  },
  "pipeline":[
    "tok2vec",
    "ner"
  ],
  "components":[
    "tok2vec",
    "ner"
  ],
  "disabled":[

  ],
  "performance":{
    "ents_f":0.9904489016,
    "ents_p":0.9904489016,
    "ents_r":0.9904489016,
    "ents_per_type":{
      "size":{
        "p":0.9962686567,
        "r":0.9962686567,
        "f":0.9962686567
      },
      "drink":{
        "p":0.990881459,
        "r":0.993902439,
        "f":0.9923896499
      },
      "toppings":{
        "p":0.976744186,
        "r":1.0,
        "f":0.9882352941
      },
      "milk":{
        "p":1.0,
        "r":1.0,
        "f":1.0
      },
      "syrup":{
        "p":0.9937888199,
        "r":1.0,
        "f":0.9968847352
      },
      "shot quantity":{
        "p":0.875,
        "r":0.875,
        "f":0.875
      },
      "pump quantity":{
        "p":1.0,
        "r":0.9230769231,
        "f":0.96
      },
      "temperature":{
        "p":1.0,
        "r":0.9879518072,
        "f":0.9939393939
      },
      "milk texture":{
        "p":1.0,
        "r":0.8571428571,
        "f":0.9230769231
      },
      "shot quality":{
        "p":0.8181818182,
        "r":1.0,
        "f":0.9
      },
      "roast":{
        "p":1.0,
        "r":0.9444444444,
        "f":0.9714285714
      },
      "Anti":{
        "p":1.0,
        "r":1.0,
        "f":1.0
      },
      "extra":{
        "p":1.0,
        "r":1.0,
        "f":1.0
      }
    },
    "tok2vec_loss":163.1178477629,
    "ner_loss":1984.1156041507
  },
  "requirements":[

  ]
}